SampleID	Study_ID	Invasive_species	Organism	Family	Environment	Sample_type	Geographical_location
MPG13011.1	MPG13011	Euphorbia esula	Plant	Euphorbiaceae	Soil	Invaded	46.682 N 114.027 W
MPG13011.10	MPG13011	Bromus tectorum	Plant	Poaceae	Soil	Invaded	46.682 N 114.027 W
MPG13011.100	MPG13011	Bromus tectorum	Plant	Poaceae	Soil	Invaded	46.682 N 114.027 W
MPG13011.101	MPG13011	Bromus tectorum	Plant	Poaceae	Soil	Invaded	46.682 N 114.027 W
MPG13011.102	MPG13011	Bromus tectorum	Plant	Poaceae	Soil	Invaded	46.682 N 114.027 W
MPG13011.103	MPG13011	Bromus tectorum	Plant	Poaceae	Soil	Invaded	46.682 N 114.027 W
MPG13011.104	MPG13011	Bromus tectorum	Plant	Poaceae	Soil	Invaded	46.682 N 114.027 W
MPG13011.105	MPG13011	Bromus tectorum	Plant	Poaceae	Soil	Invaded	46.682 N 114.027 W
MPG13011.106	MPG13011	Bromus tectorum	Plant	Poaceae	Soil	Invaded	46.682 N 114.027 W
MPG13011.107	MPG13011	Bromus tectorum	Plant	Poaceae	Soil	Invaded	46.682 N 114.027 W
MPG13011.108	MPG13011	Bromus tectorum	Plant	Poaceae	Soil	Invaded	46.682 N 114.027 W
MPG13011.109	MPG13011	Bromus tectorum	Plant	Poaceae	Soil	Invaded	46.682 N 114.027 W
MPG13011.11	MPG13011	Euphorbia esula	Plant	Euphorbiaceae	Soil	Invaded	46.682 N 114.027 W
MPG13011.110	MPG13011	Bromus tectorum	Plant	Poaceae	Soil	Invaded	46.682 N 114.027 W
MPG13011.111	MPG13011	Bromus tectorum	Plant	Poaceae	Soil	Control	46.682 N 114.027 W
MPG13011.112	MPG13011	Bromus tectorum	Plant	Poaceae	Soil	Control	46.682 N 114.027 W
MPG13011.113	MPG13011	Bromus tectorum	Plant	Poaceae	Soil	Control	46.682 N 114.027 W
MPG13011.114	MPG13011	Bromus tectorum	Plant	Poaceae	Soil	Control	46.682 N 114.027 W
MPG13011.115	MPG13011	Bromus tectorum	Plant	Poaceae	Soil	Control	46.682 N 114.027 W
MPG13011.116	MPG13011	Bromus tectorum	Plant	Poaceae	Soil	Control	46.682 N 114.027 W
MPG13011.117	MPG13011	Bromus tectorum	Plant	Poaceae	Soil	Control	46.682 N 114.027 W
MPG13011.118	MPG13011	Bromus tectorum	Plant	Poaceae	Soil	Control	46.682 N 114.027 W
MPG13011.119	MPG13011	Bromus tectorum	Plant	Poaceae	Soil	Control	46.682 N 114.027 W
MPG13011.12	MPG13011	Bromus tectorum	Plant	Poaceae	Soil	Invaded	46.682 N 114.027 W
MPG13011.120	MPG13011	Bromus tectorum	Plant	Poaceae	Soil	Control	46.682 N 114.027 W
MPG13011.121	MPG13011	Bromus tectorum	Plant	Poaceae	Soil	Control	46.682 N 114.027 W
MPG13011.122	MPG13011	Bromus tectorum	Plant	Poaceae	Soil	Control	46.682 N 114.027 W
MPG13011.123	MPG13011	Bromus tectorum	Plant	Poaceae	Soil	Control	46.682 N 114.027 W
MPG13011.124	MPG13011	Bromus tectorum	Plant	Poaceae	Soil	Control	46.682 N 114.027 W
MPG13011.126	MPG13011	Bromus tectorum	Plant	Poaceae	Soil	Control	46.682 N 114.027 W
MPG13011.127	MPG13011	Bromus tectorum	Plant	Poaceae	Soil	Control	46.682 N 114.027 W
MPG13011.128	MPG13011	Bromus tectorum	Plant	Poaceae	Soil	Control	46.682 N 114.027 W
MPG13011.129	MPG13011	Bromus tectorum	Plant	Poaceae	Soil	Control	46.682 N 114.027 W
MPG13011.13	MPG13011	Euphorbia esula	Plant	Euphorbiaceae	Soil	Invaded	46.682 N 114.027 W
MPG13011.131	MPG13011	Bromus tectorum	Plant	Poaceae	Soil	Control	46.682 N 114.027 W
MPG13011.134	MPG13011	Bromus tectorum	Plant	Poaceae	Soil	Control	46.682 N 114.027 W
MPG13011.14	MPG13011	Native	Plant	Community	Soil	Control	46.682 N 114.027 W
MPG13011.15	MPG13011	Euphorbia esula	Plant	Euphorbiaceae	Soil	Invaded	46.682 N 114.027 W
MPG13011.151	MPG13011	Euphorbia esula	Plant	Euphorbiaceae	Soil	Control	46.682 N 114.027 W
MPG13011.153	MPG13011	Euphorbia esula	Plant	Euphorbiaceae	Soil	Control	46.682 N 114.027 W
MPG13011.154	MPG13011	Euphorbia esula	Plant	Euphorbiaceae	Soil	Control	46.682 N 114.027 W
MPG13011.155	MPG13011	Native	Plant	Community	Soil	Control	46.682 N 114.027 W
MPG13011.156	MPG13011	Native	Plant	Community	Soil	Control	46.682 N 114.027 W
MPG13011.157	MPG13011	Euphorbia esula	Plant	Euphorbiaceae	Soil	Control	46.682 N 114.027 W
MPG13011.158	MPG13011	Euphorbia esula	Plant	Euphorbiaceae	Soil	Control	46.682 N 114.027 W
MPG13011.159	MPG13011	Euphorbia esula	Plant	Euphorbiaceae	Soil	Control	46.682 N 114.027 W
MPG13011.16	MPG13011	Bromus tectorum	Plant	Poaceae	Soil	Invaded	46.682 N 114.027 W
MPG13011.161	MPG13011	Euphorbia esula	Plant	Euphorbiaceae	Soil	Control	46.682 N 114.027 W
MPG13011.17	MPG13011	Bromus tectorum	Plant	Poaceae	Soil	Invaded	46.682 N 114.027 W
MPG13011.177	MPG13011	Euphorbia esula	Plant	Euphorbiaceae	Soil	Invaded	46.682 N 114.027 W
MPG13011.178	MPG13011	Euphorbia esula	Plant	Euphorbiaceae	Soil	Invaded	46.682 N 114.027 W
MPG13011.18	MPG13011	Native	Plant	Community	Soil	Control	46.682 N 114.027 W
MPG13011.180	MPG13011	Euphorbia esula	Plant	Euphorbiaceae	Soil	Invaded	46.682 N 114.027 W
MPG13011.181	MPG13011	Euphorbia esula	Plant	Euphorbiaceae	Soil	Invaded	46.682 N 114.027 W
MPG13011.182	MPG13011	Euphorbia esula	Plant	Euphorbiaceae	Soil	Control	46.682 N 114.027 W
MPG13011.183	MPG13011	Euphorbia esula	Plant	Euphorbiaceae	Soil	Invaded	46.682 N 114.027 W
MPG13011.184	MPG13011	Euphorbia esula	Plant	Euphorbiaceae	Soil	Invaded	46.682 N 114.027 W
MPG13011.185	MPG13011	Euphorbia esula	Plant	Euphorbiaceae	Soil	Invaded	46.682 N 114.027 W
MPG13011.186	MPG13011	Euphorbia esula	Plant	Euphorbiaceae	Soil	Invaded	46.682 N 114.027 W
MPG13011.187	MPG13011	Euphorbia esula	Plant	Euphorbiaceae	Soil	Control	46.682 N 114.027 W
MPG13011.189	MPG13011	Euphorbia esula	Plant	Euphorbiaceae	Soil	Invaded	46.682 N 114.027 W
MPG13011.19	MPG13011	Native	Plant	Community	Soil	Control	46.682 N 114.027 W
MPG13011.190	MPG13011	Euphorbia esula	Plant	Euphorbiaceae	Soil	Invaded	46.682 N 114.027 W
MPG13011.193	MPG13011	Euphorbia esula	Plant	Euphorbiaceae	Soil	Control	46.682 N 114.027 W
MPG13011.194	MPG13011	Euphorbia esula	Plant	Euphorbiaceae	Soil	Control	46.682 N 114.027 W
MPG13011.196	MPG13011	Euphorbia esula	Plant	Euphorbiaceae	Soil	Invaded	46.682 N 114.027 W
MPG13011.197	MPG13011	Euphorbia esula	Plant	Euphorbiaceae	Soil	Invaded	46.682 N 114.027 W
MPG13011.198	MPG13011	Euphorbia esula	Plant	Euphorbiaceae	Soil	Invaded	46.682 N 114.027 W
MPG13011.199	MPG13011	Euphorbia esula	Plant	Euphorbiaceae	Soil	Invaded	46.682 N 114.027 W
MPG13011.2	MPG13011	Centaurea stoebe	Plant	Asteraceae	Soil	Invaded	46.682 N 114.027 W
MPG13011.20	MPG13011	Bromus tectorum	Plant	Poaceae	Soil	Invaded	46.682 N 114.027 W
MPG13011.200	MPG13011	Euphorbia esula	Plant	Euphorbiaceae	Soil	Invaded	46.682 N 114.027 W
MPG13011.201	MPG13011	Euphorbia esula	Plant	Euphorbiaceae	Soil	Invaded	46.682 N 114.027 W
MPG13011.202	MPG13011	Euphorbia esula	Plant	Euphorbiaceae	Soil	Invaded	46.682 N 114.027 W
MPG13011.203	MPG13011	Euphorbia esula	Plant	Euphorbiaceae	Soil	Invaded	46.682 N 114.027 W
MPG13011.204	MPG13011	Euphorbia esula	Plant	Euphorbiaceae	Soil	Invaded	46.682 N 114.027 W
MPG13011.205	MPG13011	Euphorbia esula	Plant	Euphorbiaceae	Soil	Control	46.682 N 114.027 W
MPG13011.206	MPG13011	Euphorbia esula	Plant	Euphorbiaceae	Soil	Control	46.682 N 114.027 W
MPG13011.207	MPG13011	Euphorbia esula	Plant	Euphorbiaceae	Soil	Control	46.682 N 114.027 W
MPG13011.208	MPG13011	Euphorbia esula	Plant	Euphorbiaceae	Soil	Control	46.682 N 114.027 W
MPG13011.209	MPG13011	Euphorbia esula	Plant	Euphorbiaceae	Soil	Control	46.682 N 114.027 W
MPG13011.21	MPG13011	Native	Plant	Community	Soil	Control	46.682 N 114.027 W
MPG13011.210	MPG13011	Euphorbia esula	Plant	Euphorbiaceae	Soil	Control	46.682 N 114.027 W
MPG13011.211	MPG13011	Euphorbia esula	Plant	Euphorbiaceae	Soil	Control	46.682 N 114.027 W
MPG13011.212	MPG13011	Euphorbia esula	Plant	Euphorbiaceae	Soil	Control	46.682 N 114.027 W
MPG13011.213	MPG13011	Euphorbia esula	Plant	Euphorbiaceae	Soil	Control	46.682 N 114.027 W
MPG13011.214	MPG13011	Euphorbia esula	Plant	Euphorbiaceae	Soil	Control	46.682 N 114.027 W
MPG13011.218	MPG13011	Euphorbia esula	Plant	Euphorbiaceae	Soil	Control	46.682 N 114.027 W
MPG13011.22	MPG13011	Native	Plant	Community	Soil	Control	46.682 N 114.027 W
MPG13011.220	MPG13011	Euphorbia esula	Plant	Euphorbiaceae	Soil	Control	46.682 N 114.027 W
MPG13011.221	MPG13011	Euphorbia esula	Plant	Euphorbiaceae	Soil	Control	46.682 N 114.027 W
MPG13011.23	MPG13011	Native	Plant	Community	Soil	Control	46.682 N 114.027 W
MPG13011.236	MPG13011	Euphorbia esula	Plant	Euphorbiaceae	Soil	Invaded	46.682 N 114.027 W
MPG13011.24	MPG13011	Native	Plant	Community	Soil	Control	46.682 N 114.027 W
MPG13011.248	MPG13011	Centaurea stoebe	Plant	Asteraceae	Soil	Invaded	46.682 N 114.027 W
MPG13011.25	MPG13011	Native	Plant	Community	Soil	Control	46.682 N 114.027 W
MPG13011.254	MPG13011	Centaurea stoebe	Plant	Asteraceae	Soil	Invaded	46.682 N 114.027 W
MPG13011.255	MPG13011	Centaurea stoebe	Plant	Asteraceae	Soil	Invaded	46.682 N 114.027 W
MPG13011.257	MPG13011	Centaurea stoebe	Plant	Asteraceae	Soil	Invaded	46.682 N 114.027 W
MPG13011.258	MPG13011	Centaurea stoebe	Plant	Asteraceae	Soil	Invaded	46.682 N 114.027 W
MPG13011.259	MPG13011	Centaurea stoebe	Plant	Asteraceae	Soil	Invaded	46.682 N 114.027 W
MPG13011.26	MPG13011	Centaurea stoebe	Plant	Asteraceae	Soil	Invaded	46.682 N 114.027 W
MPG13011.267	MPG13011	Centaurea stoebe	Plant	Asteraceae	Soil	Invaded	46.682 N 114.027 W
MPG13011.268	MPG13011	Centaurea stoebe	Plant	Asteraceae	Soil	Invaded	46.682 N 114.027 W
MPG13011.269	MPG13011	Centaurea stoebe	Plant	Asteraceae	Soil	Invaded	46.682 N 114.027 W
MPG13011.27	MPG13011	Centaurea stoebe	Plant	Asteraceae	Soil	Invaded	46.682 N 114.027 W
MPG13011.271	MPG13011	Centaurea stoebe	Plant	Asteraceae	Soil	Invaded	46.682 N 114.027 W
MPG13011.272	MPG13011	Centaurea stoebe	Plant	Asteraceae	Soil	Invaded	46.682 N 114.027 W
MPG13011.273	MPG13011	Centaurea stoebe	Plant	Asteraceae	Soil	Invaded	46.682 N 114.027 W
MPG13011.277	MPG13011	Centaurea stoebe	Plant	Asteraceae	Soil	Invaded	46.682 N 114.027 W
MPG13011.278	MPG13011	Native	Plant	Community	Soil	Control	46.682 N 114.027 W
MPG13011.279	MPG13011	Native	Plant	Community	Soil	Control	46.682 N 114.027 W
MPG13011.28	MPG13011	Centaurea stoebe	Plant	Asteraceae	Soil	Invaded	46.682 N 114.027 W
MPG13011.280	MPG13011	Native	Plant	Community	Soil	Control	46.682 N 114.027 W
MPG13011.281	MPG13011	Centaurea stoebe	Plant	Asteraceae	Soil	Invaded	46.682 N 114.027 W
MPG13011.282	MPG13011	Centaurea stoebe	Plant	Asteraceae	Soil	Invaded	46.682 N 114.027 W
MPG13011.283	MPG13011	Centaurea stoebe	Plant	Asteraceae	Soil	Invaded	46.682 N 114.027 W
MPG13011.284	MPG13011	Native	Plant	Community	Soil	Control	46.682 N 114.027 W
MPG13011.285	MPG13011	Centaurea stoebe	Plant	Asteraceae	Soil	Invaded	46.682 N 114.027 W
MPG13011.286	MPG13011	Centaurea stoebe	Plant	Asteraceae	Soil	Invaded	46.682 N 114.027 W
MPG13011.287	MPG13011	Native	Plant	Community	Soil	Control	46.682 N 114.027 W
MPG13011.288	MPG13011	Centaurea stoebe	Plant	Asteraceae	Soil	Control	46.682 N 114.027 W
MPG13011.289	MPG13011	Centaurea stoebe	Plant	Asteraceae	Soil	Control	46.682 N 114.027 W
MPG13011.29	MPG13011	Native	Plant	Community	Soil	Control	46.682 N 114.027 W
MPG13011.290	MPG13011	Centaurea stoebe	Plant	Asteraceae	Soil	Invaded	46.682 N 114.027 W
MPG13011.291	MPG13011	Centaurea stoebe	Plant	Asteraceae	Soil	Control	46.682 N 114.027 W
MPG13011.292	MPG13011	Centaurea stoebe	Plant	Asteraceae	Soil	Invaded	46.682 N 114.027 W
MPG13011.293	MPG13011	Centaurea stoebe	Plant	Asteraceae	Soil	Control	46.682 N 114.027 W
MPG13011.294	MPG13011	Centaurea stoebe	Plant	Asteraceae	Soil	Control	46.682 N 114.027 W
MPG13011.296	MPG13011	Centaurea stoebe	Plant	Asteraceae	Soil	Invaded	46.682 N 114.027 W
MPG13011.297	MPG13011	Centaurea stoebe	Plant	Asteraceae	Soil	Control	46.682 N 114.027 W
MPG13011.298	MPG13011	Centaurea stoebe	Plant	Asteraceae	Soil	Control	46.682 N 114.027 W
MPG13011.299	MPG13011	Centaurea stoebe	Plant	Asteraceae	Soil	Control	46.682 N 114.027 W
MPG13011.3	MPG13011	Centaurea stoebe	Plant	Asteraceae	Soil	Invaded	46.682 N 114.027 W
MPG13011.30	MPG13011	Native	Plant	Community	Soil	Control	46.682 N 114.027 W
MPG13011.300	MPG13011	Centaurea stoebe	Plant	Asteraceae	Soil	Control	46.682 N 114.027 W
MPG13011.301	MPG13011	Centaurea stoebe	Plant	Asteraceae	Soil	Control	46.682 N 114.027 W
MPG13011.302	MPG13011	Centaurea stoebe	Plant	Asteraceae	Soil	Control	46.682 N 114.027 W
MPG13011.303	MPG13011	Centaurea stoebe	Plant	Asteraceae	Soil	Control	46.682 N 114.027 W
MPG13011.304	MPG13011	Centaurea stoebe	Plant	Asteraceae	Soil	Control	46.682 N 114.027 W
MPG13011.305	MPG13011	Centaurea stoebe	Plant	Asteraceae	Soil	Invaded	46.682 N 114.027 W
MPG13011.306	MPG13011	Centaurea stoebe	Plant	Asteraceae	Soil	Control	46.682 N 114.027 W
MPG13011.307	MPG13011	Centaurea stoebe	Plant	Asteraceae	Soil	Control	46.682 N 114.027 W
MPG13011.308	MPG13011	Centaurea stoebe	Plant	Asteraceae	Soil	Control	46.682 N 114.027 W
MPG13011.309	MPG13011	Centaurea stoebe	Plant	Asteraceae	Soil	Control	46.682 N 114.027 W
MPG13011.31	MPG13011	Native	Plant	Community	Soil	Control	46.682 N 114.027 W
MPG13011.310	MPG13011	Centaurea stoebe	Plant	Asteraceae	Soil	Control	46.682 N 114.027 W
MPG13011.311	MPG13011	Centaurea stoebe	Plant	Asteraceae	Soil	Control	46.682 N 114.027 W
MPG13011.312	MPG13011	Centaurea stoebe	Plant	Asteraceae	Soil	Control	46.682 N 114.027 W
MPG13011.313	MPG13011	Centaurea stoebe	Plant	Asteraceae	Soil	Control	46.682 N 114.027 W
MPG13011.315	MPG13011	Centaurea stoebe	Plant	Asteraceae	Soil	Control	46.682 N 114.027 W
MPG13011.316	MPG13011	Centaurea stoebe	Plant	Asteraceae	Soil	Control	46.682 N 114.027 W
MPG13011.317	MPG13011	Centaurea stoebe	Plant	Asteraceae	Soil	Control	46.682 N 114.027 W
MPG13011.318	MPG13011	Centaurea stoebe	Plant	Asteraceae	Soil	Control	46.682 N 114.027 W
MPG13011.32	MPG13011	Centaurea stoebe	Plant	Asteraceae	Soil	Invaded	46.682 N 114.027 W
MPG13011.321	MPG13011	Centaurea stoebe	Plant	Asteraceae	Soil	Control	46.682 N 114.027 W
MPG13011.323	MPG13011	Centaurea stoebe	Plant	Asteraceae	Soil	Control	46.682 N 114.027 W
MPG13011.324	MPG13011	Centaurea stoebe	Plant	Asteraceae	Soil	Invaded	46.682 N 114.027 W
MPG13011.326	MPG13011	Centaurea stoebe	Plant	Asteraceae	Soil	Control	46.682 N 114.027 W
MPG13011.327	MPG13011	Centaurea stoebe	Plant	Asteraceae	Soil	Invaded	46.682 N 114.027 W
MPG13011.329	MPG13011	Centaurea stoebe	Plant	Asteraceae	Soil	Control	46.682 N 114.027 W
MPG13011.33	MPG13011	Centaurea stoebe	Plant	Asteraceae	Soil	Invaded	46.682 N 114.027 W
MPG13011.330	MPG13011	Centaurea stoebe	Plant	Asteraceae	Soil	Control	46.682 N 114.027 W
MPG13011.331	MPG13011	Centaurea stoebe	Plant	Asteraceae	Soil	Control	46.682 N 114.027 W
MPG13011.333	MPG13011	Centaurea stoebe	Plant	Asteraceae	Soil	Control	46.682 N 114.027 W
MPG13011.334	MPG13011	Centaurea stoebe	Plant	Asteraceae	Soil	Control	46.682 N 114.027 W
MPG13011.337	MPG13011	Centaurea stoebe	Plant	Asteraceae	Soil	Control	46.682 N 114.027 W
MPG13011.338	MPG13011	Centaurea stoebe	Plant	Asteraceae	Soil	Invaded	46.682 N 114.027 W
MPG13011.34	MPG13011	Native	Plant	Community	Soil	Control	46.682 N 114.027 W
MPG13011.35	MPG13011	Native	Plant	Community	Soil	Control	46.682 N 114.027 W
MPG13011.36	MPG13011	Bromus tectorum	Plant	Poaceae	Soil	Invaded	46.682 N 114.027 W
MPG13011.37	MPG13011	Bromus tectorum	Plant	Poaceae	Soil	Invaded	46.682 N 114.027 W
MPG13011.38	MPG13011	Euphorbia esula	Plant	Euphorbiaceae	Soil	Invaded	46.682 N 114.027 W
MPG13011.39	MPG13011	Bromus tectorum	Plant	Poaceae	Soil	Invaded	46.682 N 114.027 W
MPG13011.4	MPG13011	Centaurea stoebe	Plant	Asteraceae	Soil	Invaded	46.682 N 114.027 W
MPG13011.40	MPG13011	Bromus tectorum	Plant	Poaceae	Soil	Invaded	46.682 N 114.027 W
MPG13011.41	MPG13011	Bromus tectorum	Plant	Poaceae	Soil	Invaded	46.682 N 114.027 W
MPG13011.42	MPG13011	Euphorbia esula	Plant	Euphorbiaceae	Soil	Invaded	46.682 N 114.027 W
MPG13011.420	MPG13011	Native	Plant	Community	Soil	Control	46.682 N 114.027 W
MPG13011.421	MPG13011	Bromus tectorum	Plant	Poaceae	Soil	Invaded	46.682 N 114.027 W
MPG13011.422	MPG13011	Bromus tectorum	Plant	Poaceae	Soil	Invaded	46.682 N 114.027 W
MPG13011.423	MPG13011	Bromus tectorum	Plant	Poaceae	Soil	Invaded	46.682 N 114.027 W
MPG13011.424	MPG13011	Native	Plant	Community	Soil	Control	46.682 N 114.027 W
MPG13011.425	MPG13011	Native	Plant	Community	Soil	Control	46.682 N 114.027 W
MPG13011.426	MPG13011	Centaurea stoebe	Plant	Asteraceae	Soil	Invaded	46.682 N 114.027 W
MPG13011.427	MPG13011	Centaurea stoebe	Plant	Asteraceae	Soil	Invaded	46.682 N 114.027 W
MPG13011.428	MPG13011	Centaurea stoebe	Plant	Asteraceae	Soil	Invaded	46.682 N 114.027 W
MPG13011.429	MPG13011	Centaurea stoebe	Plant	Asteraceae	Soil	Invaded	46.682 N 114.027 W
MPG13011.43	MPG13011	Euphorbia esula	Plant	Euphorbiaceae	Soil	Invaded	46.682 N 114.027 W
MPG13011.430	MPG13011	Bromus tectorum	Plant	Poaceae	Soil	Invaded	46.682 N 114.027 W
MPG13011.431	MPG13011	Bromus tectorum	Plant	Poaceae	Soil	Invaded	46.682 N 114.027 W
MPG13011.432	MPG13011	Centaurea stoebe	Plant	Asteraceae	Soil	Invaded	46.682 N 114.027 W
MPG13011.44	MPG13011	Euphorbia esula	Plant	Euphorbiaceae	Soil	Invaded	46.682 N 114.027 W
MPG13011.45	MPG13011	Euphorbia esula	Plant	Euphorbiaceae	Soil	Invaded	46.682 N 114.027 W
MPG13011.46	MPG13011	Native	Plant	Community	Soil	Control	46.682 N 114.027 W
MPG13011.47	MPG13011	Native	Plant	Community	Soil	Control	46.682 N 114.027 W
MPG13011.48	MPG13011	Native	Plant	Community	Soil	Control	46.682 N 114.027 W
MPG13011.49	MPG13011	Euphorbia esula	Plant	Euphorbiaceae	Soil	Invaded	46.682 N 114.027 W
MPG13011.5	MPG13011	Centaurea stoebe	Plant	Asteraceae	Soil	Invaded	46.682 N 114.027 W
MPG13011.50	MPG13011	Euphorbia esula	Plant	Euphorbiaceae	Soil	Invaded	46.682 N 114.027 W
MPG13011.51	MPG13011	Euphorbia esula	Plant	Euphorbiaceae	Soil	Invaded	46.682 N 114.027 W
MPG13011.52	MPG13011	Native	Plant	Community	Soil	Control	46.682 N 114.027 W
MPG13011.53	MPG13011	Native	Plant	Community	Soil	Control	46.682 N 114.027 W
MPG13011.54	MPG13011	Euphorbia esula	Plant	Euphorbiaceae	Soil	Invaded	46.682 N 114.027 W
MPG13011.55	MPG13011	Native	Plant	Community	Soil	Control	46.682 N 114.027 W
MPG13011.56	MPG13011	Native	Plant	Community	Soil	Control	46.682 N 114.027 W
MPG13011.57	MPG13011	Native	Plant	Community	Soil	Control	46.682 N 114.027 W
MPG13011.58	MPG13011	Native	Plant	Community	Soil	Control	46.682 N 114.027 W
MPG13011.59	MPG13011	Bromus tectorum	Plant	Poaceae	Soil	Invaded	46.682 N 114.027 W
MPG13011.6	MPG13011	Centaurea stoebe	Plant	Asteraceae	Soil	Invaded	46.682 N 114.027 W
MPG13011.60	MPG13011	Bromus tectorum	Plant	Poaceae	Soil	Invaded	46.682 N 114.027 W
MPG13011.61	MPG13011	Bromus tectorum	Plant	Poaceae	Soil	Invaded	46.682 N 114.027 W
MPG13011.62	MPG13011	Euphorbia esula	Plant	Euphorbiaceae	Soil	Invaded	46.682 N 114.027 W
MPG13011.63	MPG13011	Native	Plant	Community	Soil	Control	46.682 N 114.027 W
MPG13011.64	MPG13011	Bromus tectorum	Plant	Poaceae	Soil	Invaded	46.682 N 114.027 W
MPG13011.65	MPG13011	Bromus tectorum	Plant	Poaceae	Soil	Invaded	46.682 N 114.027 W
MPG13011.66	MPG13011	Euphorbia esula	Plant	Euphorbiaceae	Soil	Invaded	46.682 N 114.027 W
MPG13011.67	MPG13011	Euphorbia esula	Plant	Euphorbiaceae	Soil	Invaded	46.682 N 114.027 W
MPG13011.68	MPG13011	Euphorbia esula	Plant	Euphorbiaceae	Soil	Invaded	46.682 N 114.027 W
MPG13011.69	MPG13011	Euphorbia esula	Plant	Euphorbiaceae	Soil	Invaded	46.682 N 114.027 W
MPG13011.7	MPG13011	Native	Plant	Community	Soil	Control	46.682 N 114.027 W
MPG13011.70	MPG13011	Euphorbia esula	Plant	Euphorbiaceae	Soil	Invaded	46.682 N 114.027 W
MPG13011.8	MPG13011	Native	Plant	Community	Soil	Control	46.682 N 114.027 W
MPG13011.88	MPG13011	Bromus tectorum	Plant	Poaceae	Soil	Invaded	46.682 N 114.027 W
MPG13011.89	MPG13011	Bromus tectorum	Plant	Poaceae	Soil	Invaded	46.682 N 114.027 W
MPG13011.9	MPG13011	Euphorbia esula	Plant	Euphorbiaceae	Soil	Invaded	46.682 N 114.027 W
MPG13011.90	MPG13011	Bromus tectorum	Plant	Poaceae	Soil	Invaded	46.682 N 114.027 W
MPG13011.91	MPG13011	Bromus tectorum	Plant	Poaceae	Soil	Invaded	46.682 N 114.027 W
MPG13011.92	MPG13011	Bromus tectorum	Plant	Poaceae	Soil	Invaded	46.682 N 114.027 W
MPG13011.93	MPG13011	Bromus tectorum	Plant	Poaceae	Soil	Invaded	46.682 N 114.027 W
MPG13011.94	MPG13011	Bromus tectorum	Plant	Poaceae	Soil	Invaded	46.682 N 114.027 W
MPG13011.95	MPG13011	Bromus tectorum	Plant	Poaceae	Soil	Invaded	46.682 N 114.027 W
MPG13011.98	MPG13011	Bromus tectorum	Plant	Poaceae	Soil	Invaded	46.682 N 114.027 W
AKU-2	MPG87547	Sus scrofa	Mammal	Suidae	Soil	Invaded	19.52 N 155.28 W
AKU-3	MPG87547	Sus scrofa	Mammal	Suidae	Soil	Invaded	19.52 N 155.28 W
AKU-5	MPG87547	Sus scrofa	Mammal	Suidae	Soil	Invaded	19.52 N 155.28 W
AKU-6	MPG87547	Sus scrofa	Mammal	Suidae	Soil	Control	19.52 N 155.28 W
AKU-7	MPG87547	Sus scrofa	Mammal	Suidae	Soil	Control	19.52 N 155.28 W
AKU-8	MPG87547	Sus scrofa	Mammal	Suidae	Soil	Control	19.52 N 155.28 W
KOA-10	MPG87547	Sus scrofa	Mammal	Suidae	Soil	Control	19.52 N 155.28 W
KOA-12	MPG87547	Sus scrofa	Mammal	Suidae	Soil	Control	19.52 N 155.28 W
KOA-3	MPG87547	Sus scrofa	Mammal	Suidae	Soil	Invaded	19.52 N 155.28 W
KOA-4	MPG87547	Sus scrofa	Mammal	Suidae	Soil	Invaded	19.52 N 155.28 W
KOA-6	MPG87547	Sus scrofa	Mammal	Suidae	Soil	Invaded	19.52 N 155.28 W
KOA-9	MPG87547	Sus scrofa	Mammal	Suidae	Soil	Control	19.52 N 155.28 W
LAV-2	MPG87547	Sus scrofa	Mammal	Suidae	Soil	Control	19.52 N 155.28 W
LAV-3	MPG87547	Sus scrofa	Mammal	Suidae	Soil	Control	19.52 N 155.28 W
LAV-4	MPG87547	Sus scrofa	Mammal	Suidae	Soil	Control	19.52 N 155.28 W
NLM-1	MPG87547	Sus scrofa	Mammal	Suidae	Soil	Control	19.52 N 155.28 W
NLM-2	MPG87547	Sus scrofa	Mammal	Suidae	Soil	Control	19.52 N 155.28 W
NLM-3	MPG87547	Sus scrofa	Mammal	Suidae	Soil	Control	19.52 N 155.28 W
OLA-1	MPG87547	Sus scrofa	Mammal	Suidae	Soil	Invaded	19.52 N 155.28 W
OLA-2	MPG87547	Sus scrofa	Mammal	Suidae	Soil	Invaded	19.52 N 155.28 W
OLA-3	MPG87547	Sus scrofa	Mammal	Suidae	Soil	Invaded	19.52 N 155.28 W
PMK-4	MPG87547	Sus scrofa	Mammal	Suidae	Soil	Invaded	19.52 N 155.28 W
PMK-5	MPG87547	Sus scrofa	Mammal	Suidae	Soil	Invaded	19.52 N 155.28 W
PUU-1	MPG87547	Sus scrofa	Mammal	Suidae	Soil	Control	19.52 N 155.28 W
PUU-2	MPG87547	Sus scrofa	Mammal	Suidae	Soil	Control	19.52 N 155.28 W
PUU-3	MPG87547	Sus scrofa	Mammal	Suidae	Soil	Control	19.52 N 155.28 W
SRR2559243	PRJNA296487	Alianthus altissima	Plant	Simaroubaceae	Soil	Invaded	38.88553 N 78.13844 W
SRR2559244	PRJNA296487	Alianthus altissima	Plant	Simaroubaceae	Soil	Control	38.88553 N 78.13844 W
SRR2559245	PRJNA296487	Rhamnus davurica 	Plant	Rhamnaceae	Soil	Invaded	39.05923 N 78.05428 W
SRR2559246	PRJNA296487	Rhamnus davurica 	Plant	Rhamnaceae	Soil	Control	39.05923 N 78.05428 W
 SRR2559247	PRJNA296487	Microstegium vimineum	Plant	Poaceae	Soil	Invaded	37.28108 N 80.47523 W
SRR2559248	PRJNA296487	Microstegium vimineum	Plant	Poaceae	Soil	Control	37.28108 N 80.47523 W
SRR2559249	PRJNA296487	Rhamnus davurica 	Plant	Rhamnaceae	Soil	Invaded	39.05923 N 78.05428 W
SRR2559250	PRJNA296487	Rhamnus davurica 	Plant	Rhamnaceae	Soil	Control	39.05923 N 78.05428 W
SRR2559251	PRJNA296487	Alianthus altissima	Plant	Simaroubaceae	Soil	Invaded	38.88553 N 78.13844 W
SRR2559252	PRJNA296487	Alianthus altissima	Plant	Simaroubaceae	Soil	Control	38.88553 N 78.13844 W
SRR2559253	PRJNA296487	Microstegium vimineum	Plant	Poaceae	Soil	Invaded	37.28108 N 80.47523 W
SRR2559254	PRJNA296487	Microstegium vimineum	Plant	Poaceae	Soil	Control	37.28108 N 80.47523 W
SRR3480457	PRJNA320310	Artemisia rothrockii	Plant	Asteraceae	Soil	Invaded	37.757222 N 118.166667 W
SRR3480458	PRJNA320310	Artemisia rothrockii	Plant	Asteraceae	Soil	Invaded	37.757222 N 118.166667 W
SRR3480461	PRJNA320310	Artemisia rothrockii	Plant	Asteraceae	Soil	Control	37.757222 N 118.166667 W
SRR3480462	PRJNA320310	Artemisia rothrockii	Plant	Asteraceae	Soil	Control	37.757222 N 118.166667 W
SRR3480463	PRJNA320310	Artemisia rothrockii	Plant	Asteraceae	Soil	Invaded	37.757222 N 118.166667 W
SRR3480466	PRJNA320310	Artemisia rothrockii	Plant	Asteraceae	Soil	Control	37.757222 N 118.166667 W
SRR3480467	PRJNA320310	Artemisia rothrockii	Plant	Asteraceae	Soil	Control	37.757222 N 118.166667 W
SRR3480468	PRJNA320310	Artemisia rothrockii	Plant	Asteraceae	Soil	Control	37.757222 N 118.166667 W
SRR3480469	PRJNA320310	Artemisia rothrockii	Plant	Asteraceae	Soil	Invaded	37.757222 N 118.166667 W
SRR3480470	PRJNA320310	Artemisia rothrockii	Plant	Asteraceae	Soil	Invaded	37.757222 N 118.166667 W
SRR3480473	PRJNA320310	Artemisia rothrockii	Plant	Asteraceae	Soil	Control	37.757222 N 118.166667 W
SRR3480474	PRJNA320310	Artemisia rothrockii	Plant	Asteraceae	Soil	Control	37.757222 N 118.166667 W
SRR3480475	PRJNA320310	Artemisia rothrockii	Plant	Asteraceae	Soil	Invaded	37.757222 N 118.166667 W
SRR3480476	PRJNA320310	Artemisia rothrockii	Plant	Asteraceae	Soil	Invaded	37.757222 N 118.166667 W
SRR3480478	PRJNA320310	Artemisia rothrockii	Plant	Asteraceae	Soil	Control	37.757222 N 118.166667 W
SRR3480480	PRJNA320310	Artemisia rothrockii	Plant	Asteraceae	Soil	Invaded	37.823889 N 118.233333 W
SRR3480481	PRJNA320310	Artemisia rothrockii	Plant	Asteraceae	Soil	Invaded	37.823889 N 118.233333 W
SRR3480484	PRJNA320310	Artemisia rothrockii	Plant	Asteraceae	Soil	Invaded	37.823889 N 118.233333 W
SRR3480485	PRJNA320310	Artemisia rothrockii	Plant	Asteraceae	Soil	Invaded	37.823889 N 118.233333 W
SRR3480488	PRJNA320310	Artemisia rothrockii	Plant	Asteraceae	Soil	Invaded	37.823889 N 118.233333 W
SRR3480489	PRJNA320310	Artemisia rothrockii	Plant	Asteraceae	Soil	Invaded	37.757222 N 118.166667 W
SRR3480490	PRJNA320310	Artemisia rothrockii	Plant	Asteraceae	Soil	Invaded	37.823889 N 118.233333 W
SRR3480493	PRJNA320310	Artemisia rothrockii	Plant	Asteraceae	Soil	Invaded	37.823889 N 118.233333 W
SRR3480496	PRJNA320310	Artemisia rothrockii	Plant	Asteraceae	Soil	Invaded	37.823889 N 118.233333 W
SRR3480497	PRJNA320310	Artemisia rothrockii	Plant	Asteraceae	Soil	Invaded	37.823889 N 118.233333 W
SRR3480500	PRJNA320310	Artemisia rothrockii	Plant	Asteraceae	Soil	Invaded	37.757222 N 118.166667 W
SRR3480501	PRJNA320310	Artemisia rothrockii	Plant	Asteraceae	Soil	Control	37.857222 N 118.25 W
SRR3480502	PRJNA320310	Artemisia rothrockii	Plant	Asteraceae	Soil	Control	37.857222 N 118.25 W
SRR3480503	PRJNA320310	Artemisia rothrockii	Plant	Asteraceae	Soil	Invaded	37.857222 N 118.25 W
SRR3480504	PRJNA320310	Artemisia rothrockii	Plant	Asteraceae	Soil	Invaded	37.857222 N 118.25 W
SRR3480507	PRJNA320310	Artemisia rothrockii	Plant	Asteraceae	Soil	Control	37.857222 N 118.25 W
SRR3480508	PRJNA320310	Artemisia rothrockii	Plant	Asteraceae	Soil	Control	37.857222 N 118.25 W
SRR3480509	PRJNA320310	Artemisia rothrockii	Plant	Asteraceae	Soil	Invaded	37.857222 N 118.25 W
SRR3480510	PRJNA320310	Artemisia rothrockii	Plant	Asteraceae	Soil	Invaded	37.857222 N 118.25 W
SRR3480514	PRJNA320310	Artemisia rothrockii	Plant	Asteraceae	Soil	Control	37.857222 N 118.25 W
SRR3480515	PRJNA320310	Artemisia rothrockii	Plant	Asteraceae	Soil	Control	37.857222 N 118.25 W
SRR3480516	PRJNA320310	Artemisia rothrockii	Plant	Asteraceae	Soil	Invaded	37.857222 N 118.25 W
SRR3480519	PRJNA320310	Artemisia rothrockii	Plant	Asteraceae	Soil	Control	37.857222 N 118.25 W
SRR3480520	PRJNA320310	Artemisia rothrockii	Plant	Asteraceae	Soil	Control	37.857222 N 118.25 W
SRR3480521	PRJNA320310	Artemisia rothrockii	Plant	Asteraceae	Soil	Invaded	37.857222 N 118.25 W
SRR3480523	PRJNA320310	Artemisia rothrockii	Plant	Asteraceae	Soil	Invaded	37.857222 N 118.25 W
SRR3480526	PRJNA320310	Artemisia rothrockii	Plant	Asteraceae	Soil	Control	37.857222 N 118.25 W
SRR3480527	PRJNA320310	Artemisia rothrockii	Plant	Asteraceae	Soil	Control	37.857222 N 118.25 W
SRR3480528	PRJNA320310	Artemisia rothrockii	Plant	Asteraceae	Soil	Invaded	37.857222 N 118.25 W
SRR3480529	PRJNA320310	Artemisia rothrockii	Plant	Asteraceae	Soil	Invaded	37.857222 N 118.25 W
SRR3480530	PRJNA320310	Artemisia rothrockii	Plant	Asteraceae	Soil	Control	37.757222 N 118.166667 W
SRR3480531	PRJNA320310	Artemisia rothrockii	Plant	Asteraceae	Soil	Control	37.757222 N 118.166667 W
SRR5526790	PRJNA385848	Dreissena bugensis	Mussel	Dreissenidae	water	Control	43.2 N 86.45 W
SRR5526804	PRJNA385848	Dreissena bugensis	Mussel	Dreissenidae	water	Control	43.2 N 86.45 W
SRR5526812	PRJNA385848	Dreissena bugensis	Mussel	Dreissenidae	water	Control	43.2 N 86.45 W
SRR5526791	PRJNA385848	Dreissena bugensis	Mussel	Dreissenidae	water	Control	43.2 N 86.45 W
SRR5526806	PRJNA385848	Dreissena bugensis	Mussel	Dreissenidae	water	Control	43.2 N 86.45 W
SRR5526810	PRJNA385848	Dreissena bugensis	Mussel	Dreissenidae	water	Control	43.2 N 86.45 W
SRR5526792	PRJNA385848	Dreissena bugensis	Mussel	Dreissenidae	water	Control	43.2 N 86.45 W
SRR5526808	PRJNA385848	Dreissena bugensis	Mussel	Dreissenidae	water	Control	43.2 N 86.45 W
SRR5526818	PRJNA385848	Dreissena bugensis	Mussel	Dreissenidae	water	Control	43.2 N 86.45 W
SRR5526824	PRJNA385848	Dreissena bugensis	Mussel	Dreissenidae	water	Invaded	43.2 N 86.45 W
SRR5526828	PRJNA385848	Dreissena bugensis	Mussel	Dreissenidae	water	Invaded	43.2 N 86.45 W
SRR5526831	PRJNA385848	Dreissena bugensis	Mussel	Dreissenidae	water	Invaded	43.2 N 86.45 W
SRR5526832	PRJNA385848	Dreissena bugensis	Mussel	Dreissenidae	water	Invaded	43.2 N 86.45 W
SRR5526834	PRJNA385848	Dreissena bugensis	Mussel	Dreissenidae	water	Invaded	43.2 N 86.45 W
SRR5526836	PRJNA385848	Dreissena bugensis	Mussel	Dreissenidae	water	Invaded	43.2 N 86.45 W
SRR5526801	PRJNA385848	Dreissena bugensis	Mussel	Dreissenidae	water	Invaded	43.2 N 86.45 W
SRR5526817	PRJNA385848	Dreissena bugensis	Mussel	Dreissenidae	water	Invaded	43.2 N 86.45 W
SRR5526825	PRJNA385848	Dreissena bugensis	Mussel	Dreissenidae	water	Invaded	43.2 N 86.45 W
SRR5526803	PRJNA385848	Dreissena bugensis	Mussel	Dreissenidae	water	Invaded	43.2 N 86.45 W
SRR5526815	PRJNA385848	Dreissena bugensis	Mussel	Dreissenidae	water	Invaded	43.2 N 86.45 W
SRR5526826	PRJNA385848	Dreissena bugensis	Mussel	Dreissenidae	water	Invaded	43.2 N 86.45 W
SRR5526793	PRJNA385848	Dreissena bugensis	Mussel	Dreissenidae	water	Invaded	43.2 N 86.45 W
SRR5526799	PRJNA385848	Dreissena bugensis	Mussel	Dreissenidae	water	Invaded	43.2 N 86.45 W
SRR5526827	PRJNA385848	Dreissena bugensis	Mussel	Dreissenidae	water	Invaded	43.2 N 86.45 W
SRR5526835	PRJNA385848	Dreissena bugensis	Mussel	Dreissenidae	water	Invaded	43.2 N 86.45 W
SRR5526837	PRJNA385848	Dreissena bugensis	Mussel	Dreissenidae	water	Invaded	43.2 N 86.45 W
SRR5526794	PRJNA385848	Dreissena bugensis	Mussel	Dreissenidae	water	Invaded	43.2 N 86.45 W
SRR5526795	PRJNA385848	Dreissena bugensis	Mussel	Dreissenidae	water	Invaded	43.2 N 86.45 W
SRR5526800	PRJNA385848	Dreissena bugensis	Mussel	Dreissenidae	water	Invaded	43.2 N 86.45 W
SRR5526816	PRJNA385848	Dreissena bugensis	Mussel	Dreissenidae	water	Invaded	43.2 N 86.45 W
SRR5526796	PRJNA385848	Dreissena bugensis	Mussel	Dreissenidae	water	Invaded	43.2 N 86.45 W
SRR5526802	PRJNA385848	Dreissena bugensis	Mussel	Dreissenidae	water	Invaded	43.2 N 86.45 W
SRR5526814	PRJNA385848	Dreissena bugensis	Mussel	Dreissenidae	water	Invaded	43.2 N 86.45 W
SRR5811263	PRJNA392558	Aporrectodea trapezoides	Earthworm	Lumbricidae	Soil	Control	34.51 S 148.33 E
SRR5811264	PRJNA392558	Aporrectodea trapezoides	Earthworm	Lumbricidae	Soil	Control	34.51 S 148.33 E
SRR5811260	PRJNA392558	Aporrectodea trapezoides	Earthworm	Lumbricidae	Soil	Control	34.51 S 148.33 E
SRR5811256	PRJNA392558	Aporrectodea trapezoides	Earthworm	Lumbricidae	Soil	Control	34.51 S 148.33 E
SRR5811255	PRJNA392558	Aporrectodea trapezoides	Earthworm	Lumbricidae	Soil	Control	34.51 S 148.33 E
SRR5811280	PRJNA392558	Aporrectodea trapezoides	Earthworm	Lumbricidae	Soil	Control	34.51 S 148.33 E
SRR5811279	PRJNA392558	Aporrectodea trapezoides	Earthworm	Lumbricidae	Soil	Control	34.51 S 148.33 E
SRR5811278	PRJNA392558	Aporrectodea trapezoides	Earthworm	Lumbricidae	Soil	Control	34.51 S 148.33 E
SRR5811282	PRJNA392558	Aporrectodea trapezoides	Earthworm	Lumbricidae	Soil	Invaded	34.51 S 148.33 E
SRR5811281	PRJNA392558	Aporrectodea trapezoides	Earthworm	Lumbricidae	Soil	Invaded	34.51 S 148.33 E
SRR5811276	PRJNA392558	Aporrectodea trapezoides	Earthworm	Lumbricidae	Soil	Invaded	34.51 S 148.33 E
SRR5811275	PRJNA392558	Aporrectodea trapezoides	Earthworm	Lumbricidae	Soil	Invaded	34.51 S 148.33 E
SRR5811291	PRJNA392558	Aporrectodea trapezoides	Earthworm	Lumbricidae	Soil	Invaded	34.51 S 148.33 E
SRR5811277	PRJNA392558	Aporrectodea trapezoides	Earthworm	Lumbricidae	Soil	Invaded	34.56 S 148.37 E
SRR5811284	PRJNA392558	Aporrectodea trapezoides	Earthworm	Lumbricidae	Soil	Invaded	34.56 S 148.37 E
SRR5811283	PRJNA392558	Aporrectodea trapezoides	Earthworm	Lumbricidae	Soil	Invaded	34.56 S 148.37 E
SRR5811288	PRJNA392558	Aporrectodea trapezoides	Earthworm	Lumbricidae	Soil	Invaded	34.56 S 148.37 E
SRR5811287	PRJNA392558	Aporrectodea trapezoides	Earthworm	Lumbricidae	Soil	Invaded	34.56 S 148.37 E
SRR5811290	PRJNA392558	Aporrectodea trapezoides	Earthworm	Lumbricidae	Soil	Invaded	34.56 S 148.37 E
SRR5811289	PRJNA392558	Aporrectodea trapezoides	Earthworm	Lumbricidae	Soil	Invaded	34.56 S 148.37 E
SRR5811292	PRJNA392558	Aporrectodea trapezoides	Earthworm	Lumbricidae	Soil	Invaded	34.56 S 148.37 E
